Data,Otwarcie,Najwyzszy,Najnizszy,Zamkniecie,Wolumen
2020-03-12,61.0305,61.2398,52.7478,52.7478,1194893.6367385
2020-03-13,54.492,58.6944,53.1843,55.5204,2302498.0866999
2020-03-16,53.1843,53.1843,47.8655,48.6155,1780986.44758
2020-03-17,50.3767,52.6437,46.0352,48.7726,2515300.9694412
2020-03-18,47.0805,49.4876,45.6166,45.9821,1805666.3133177
2020-03-19,45.8599,47.552,45.2151,46.2093,1917983.8634403
2020-03-20,47.9526,50.7432,47.6042,49.5226,2462301.4977738
2020-03-23,47.9526,48.1799,46.2093,46.2965,1054126.2116123
2020-03-24,48.5113,48.9819,46.9593,47.517,1114474.1951388
2020-03-25,49.6969,50.4809,46.4707,48.1269,1312686.9416071
2020-03-26,47.8485,50.1324,45.5986,49.6969,1003960.3706542
2020-03-27,50.0974,50.7432,47.6042,48.232,896822.40798137
2020-03-30,48.8247,48.9639,46.9763,48.8247,580089.29933481
2020-03-31,49.0861,49.9232,47.9526,48.9469,1018455.8670017
2020-04-01,48.1269,48.6505,47.0985,47.0985,993672.45405152
2020-04-02,47.7433,47.7784,46.2443,47.0985,1239245.2460408
2020-04-03,46.5749,46.7671,45.7908,46.5579,830597.84178943
2020-04-06,47.7784,49.9582,47.5341,49.7139,1141534.5333544
2020-04-07,50.568,54.7534,50.3938,53.4627,2186956.0986464
2020-04-08,53.2194,54.387,47.8835,48.3892,3117806.5701789
2020-04-09,49.6097,49.871,47.6913,48.6155,3354154.7529632
2020-04-14,49.6969,49.784,48.3892,49.3304,4285433.8876875
2020-04-15,50.1324,50.2025,47.0985,47.3428,1739052.053315
2020-04-16,47.9526,48.0048,46.4536,46.8892,1412077.791323
2020-04-17,47.517,47.9176,46.9063,47.552,1192291.5954939
2020-04-20,47.8655,47.9006,46.6449,47.9006,1054902.2590011
2020-04-21,47.6913,47.6913,45.7729,45.7729,1137686.5853264
2020-04-22,45.7729,46.2093,44.2038,44.7265,2640358.1669413
2020-04-23,45.0929,45.0929,42.8961,43.8553,3347299.4821274
2020-04-24,43.4188,43.7152,41.9369,42.9923,2834960.1219007
2020-04-27,43.6811,43.7332,41.5184,41.8498,4506962.571556
2020-04-28,41.8237,43.4278,41.0648,42.6518,2970924.2924572
2020-04-29,42.73,45.3372,42.6689,45.1801,3491786.8130295
2020-04-30,45.6858,46.4356,44.8487,45.3202,2924437.1610722
2020-05-04,44.4652,44.4652,43.2625,43.55,1151730.0368535
2020-05-05,44.0296,44.3259,43.2796,43.5931,1370972.8881694
2020-05-06,44.0116,44.0996,42.7739,42.9392,2064208.1153273
2020-05-07,43.1225,43.9425,42.4336,43.4188,1165505.1563566
2020-05-08,44.2038,44.3781,43.4188,43.515,466874.34003665
2020-05-11,43.8724,43.9595,42.3294,42.3294,839060.87794715
2020-05-12,43.4718,44.7095,42.0761,44.7095,2329852.3653899
2020-05-13,44.2038,46.0352,43.9775,44.3781,2497229.1973222
2020-05-14,44.0296,44.0296,42.4605,43.2886,1497267.0851659
2020-05-15,43.5931,44.1167,43.3317,43.6111,1321623.1773921
2020-05-18,44.0646,45.128,43.5059,45.0759,1735499.1591722
2020-05-19,45.5986,45.7208,44.6394,45.0409,2053989.2301997
2020-05-20,44.8837,45.1451,44.308,44.8487,1596169.1475021
2020-05-21,44.8145,45.3372,44.4832,45.163,1390440.8775416
2020-05-22,44.5523,44.5523,43.6111,44.1688,1695914.0618804
2020-05-25,44.6574,44.9016,44.1338,44.9016,284005.5090123
2020-05-26,45.2502,46.6099,45.0759,46.6099,3072407.2412312
2020-05-27,46.6279,49.069,46.2093,48.3191,6256311.4487608
2020-05-28,48.8247,50.3246,45.948,46.5579,6673227.0422645
2020-05-29,45.7908,46.1564,44.5523,45.8259,6680073.4058133
2020-06-01,46.5058,47.0465,45.5986,46.2265,1470628.7296767
2020-06-02,46.4536,46.4878,45.2151,45.6858,2272207.7434989
2020-06-03,46.0352,47.4991,45.5986,47.4991,2743615.8926704
2020-06-04,47.517,48.0227,46.75,47.9526,2464203.2035701
2020-06-05,48.3892,50.1154,48.0927,49.9582,2995054.1332163
2020-06-08,50.1154,52.5736,49.784,52.3123,3259253.1759466
2020-06-09,53.0101,53.7421,50.1846,50.6902,3195425.7833959
2020-06-10,50.7432,50.8303,48.9289,49.5226,1365215.4404689
2020-06-12,47.0805,48.4583,46.4707,47.1336,3434004.1281884
2020-06-15,46.6449,46.6449,45.4594,45.8079,1919825.4450487
2020-06-16,47.2557,49.5226,47.0113,48.9119,2050306.066983
2020-06-17,49.0861,49.5046,47.6042,48.0398,1259688.5833506
2020-06-18,47.8305,48.5805,47.3249,48.1449,1048674.9519059
2020-06-19,48.3712,48.3892,47.5341,47.9006,1620781.0951756
2020-06-22,47.6392,47.6913,46.75,46.9413,972871.71184674
2020-06-23,47.4299,49.4346,47.2206,49.1732,1118067.1720735
2020-06-24,49.2083,49.4346,47.6042,47.6042,1176993.3298963
2020-06-25,47.3428,47.3949,46.3135,47.2557,2025694.1193095
2020-06-26,47.6742,47.6742,46.0522,46.0522,688845.04802758
2020-06-29,46.0352,46.5929,45.0929,46.4356,764072.65465779
2020-06-30,46.5058,47.0285,45.5636,46.9413,1303533.5906989
2020-07-01,46.9413,47.3078,45.948,46.8713,1097818.681669
2020-07-02,47.0805,48.7547,47.0805,48.4763,1349833.6690548
2020-07-03,48.6505,48.6505,47.6212,47.9526,429155.31939265
2020-07-06,48.8077,49.4876,48.4062,48.9289,652740.4731708
2020-07-07,48.8247,48.8247,47.7784,48.0577,643058.252091
2020-07-08,47.6913,48.0048,47.3428,47.517,622885.47362691
2020-07-09,47.9356,48.284,47.4299,47.9526,466320.97482544
2020-07-10,47.517,48.5634,47.0635,48.5634,632396.22943
2020-07-13,48.8247,49.2262,48.6326,48.7026,610201.49679377
2020-07-14,48.3892,48.8077,47.4119,47.9526,944804.85018857
2020-07-15,48.0398,49.6439,47.9706,49.4175,1251266.7433957
2020-07-16,49.2603,49.2603,48.4933,49.0861,637635.94106771
2020-07-17,49.0861,49.0861,47.8485,48.284,533151.23654032
2020-07-20,48.0577,48.8769,47.6212,48.7376,595297.37865047
2020-07-21,49.3475,51.353,48.999,50.0103,2039716.4160297
2020-07-22,50.0103,50.2896,48.6505,48.6505,784831.08724884
2020-07-23,48.9119,49.051,47.3949,47.7263,1067402.5230377
2020-07-24,47.6042,47.8485,47.1156,47.8485,415678.59400743
2020-07-27,47.9006,48.1269,46.0872,46.6099,1019618.2679685
2020-07-28,46.7321,47.1856,46.1222,46.6099,595986.57998998
2020-07-29,46.5228,46.6971,45.93,46.2965,733271.25585933
2020-07-30,46.2965,46.4878,44.1338,44.396,1072900.5460014
2020-07-31,44.6394,45.0579,44.0466,44.0996,866447.44555291
2020-08-03,44.1167,44.9358,43.7332,44.3609,515537.07629626
2020-08-04,44.9358,45.6336,44.7445,45.4765,587589.23507464
2020-08-05,48.7376,48.8247,46.3656,46.4707,1272260.1056841
2020-08-06,46.8542,47.6042,45.5986,46.0172,751560.14310136
2020-08-07,46.2615,46.4186,45.4415,46.2785,719488.34247998
2020-08-10,46.2965,47.552,46.2093,47.2898,729824.13575088
2020-08-11,47.447,49.4346,47.2557,49.4346,1229758.9852772
2020-08-12,49.2953,50.0623,48.3892,49.3133,868107.54118653
2020-08-13,49.3475,49.6969,48.8597,49.0861,549800.06954471
2020-08-14,48.9119,49.3304,48.0927,49.3304,284352.89320928
2020-08-17,49.2433,49.5917,48.267,48.9639,403102.6180304
2020-08-18,48.6155,48.7897,47.3078,47.6392,702570.06404076
2020-08-19,47.6392,48.214,46.7842,46.8372,532236.0127906
2020-08-20,46.6629,47.1686,45.8599,45.9651,695943.04243692
2020-08-21,46.4006,46.7842,45.9651,46.2965,643231.94418949
2020-08-24,46.7842,47.5692,46.4707,47.4299,411415.34371827
2020-08-25,47.8305,48.1269,46.8713,47.0805,326398.62856304
2020-08-26,47.0805,48.0227,46.5929,47.0805,565977.92974359
2020-08-27,46.9063,47.1856,46.5929,47.0635,325609.22024363
2020-08-28,46.6449,48.0927,46.6449,46.9763,447497.6503573
2020-08-31,47.0805,47.2898,45.3543,45.5986,971688.15607308
2020-09-01,45.93,45.93,43.8724,44.3781,1346571.3751537
2020-09-02,44.7265,45.0409,43.9595,44.4652,844612.34463342
2020-09-03,44.4652,45.1801,44.2388,44.3259,1219301.8302196
2020-09-04,43.9425,44.5352,43.7852,44.3781,1082384.5799432
2020-09-07,44.8837,45.0238,44.1688,44.4652,384407.33581434
2020-09-08,44.4652,45.3022,42.783,43.3927,879285.07308857
2020-09-09,43.5059,44.7966,43.3407,44.3431,762679.77763723
2020-09-10,44.4652,45.0929,43.8724,44.7966,671537.07577764
2020-09-11,44.8837,45.5986,44.5702,45.2151,772749.46570596
2020-09-14,45.3372,45.7558,44.7445,45.4945,917899.27608631
2020-09-15,45.3543,45.5986,44.7445,45.2322,641174.36086895
2020-09-16,45.3372,45.3372,43.9945,44.4652,793816.31311291
2020-09-17,43.8553,44.7966,43.585,44.7265,635716.42069724
2020-09-18,44.7265,44.7265,43.8374,44.0466,1441477.4058138
2020-09-21,43.8203,44.2739,42.1201,42.3114,1608708.3809199
2020-09-22,42.6348,42.9743,41.7186,42.2854,425086.91600885
2020-09-23,42.8521,42.9311,41.9369,42.2854,754275.75225656
2020-09-24,41.9809,42.4866,41.6495,42.4165,536698.56362866
2020-09-25,42.4605,42.8521,41.8937,42.1111,1113281.732078
2020-09-28,42.4605,43.7152,42.2854,43.3317,715848.60228796
2020-09-29,43.3317,43.5409,42.8521,43.0614,395382.2269348
2020-09-30,43.0093,44.0996,42.6518,43.8724,700840.9369321
2020-10-01,44.1868,44.1868,43.2095,43.4188,395449.03158807
2020-10-02,43.1575,44.1167,42.9132,43.8024,417166.11095346
2020-10-05,44.0996,45.0759,44.0996,45.0759,1023324.8128138
2020-10-06,45.2672,47.9176,45.1109,47.8655,2295816.5079626
2020-10-07,47.6392,47.8655,46.9593,47.2206,796283.63164014
2020-10-08,47.3078,47.7263,46.2785,46.5749,754858.06615085
2020-10-09,46.4707,46.4707,45.5115,45.8259,824654.45447067
2020-10-12,45.7908,46.4707,45.1801,45.3893,510174.8894609
2020-10-13,45.7208,45.7208,43.4889,43.6982,1408308.895468
2020-10-14,43.8024,44.8666,43.6461,44.0646,915755.96012741
2020-10-15,43.8203,44.0296,41.6666,41.8408,1216286.7135356
2020-10-16,42.0241,42.2773,40.8905,42.0851,1186774.6445451
2020-10-19,42.2943,43.0874,41.257,41.6055,931220.12394724
2020-10-20,41.3702,41.7277,40.455,41.4923,1162974.3734087
2020-10-21,41.6145,41.6405,40.8385,40.8905,966096.60659484
2020-10-22,40.8555,41.4312,40.2807,41.0648,1210233.0985389
2020-10-23,41.2391,42.5737,41.2391,41.8498,2126485.6399223
2020-10-26,41.3352,42.0241,41.2921,41.7447,449915.97880547
2020-10-27,41.7537,42.4776,39.9753,40.1496,973294.80798409
2020-10-28,39.7661,39.8012,37.0636,37.4902,2024108.6222054
2020-10-29,37.5342,37.6563,35.5727,36.7142,2170760.4238733
2020-10-30,36.2696,37.0025,36.0954,36.8543,1245494.8213537
2020-11-02,37.0636,38.2051,36.7061,37.9698,1185522.0572964
2020-11-03,38.3623,39.5569,38.1881,39.3215,1686427.8011168
2020-11-04,38.7108,39.7661,37.6474,38.7368,1151977.2140705
2020-11-05,39.2344,39.661,38.0219,39.2344,1606518.3017037
2020-11-06,38.7979,39.3907,37.0717,38.5887,1717299.3448012
2020-11-09,38.7108,42.5818,37.8396,42.2423,2643071.5492748
2020-11-10,42.3725,45.5816,41.4753,45.3893,3097660.5135761
2020-11-12,45.7729,47.2557,45.6686,47.0635,3491036.3740912
2020-11-13,47.0635,47.2377,46.2443,46.9935,791254.35466021
2020-11-16,47.3078,49.784,47.3078,49.5567,1770146.279177
2020-11-17,49.6439,50.8653,48.3362,49.8532,2031307.9370055
2020-11-18,49.2783,50.656,49.051,50.5159,670198.75589058
2020-11-19,50.0103,50.1846,48.4233,48.6856,1196204.1213534
2020-11-20,48.4412,49.6969,47.552,49.6969,833833.4138292
2020-11-23,49.784,51.9808,49.784,51.2138,1212932.0065308
2020-11-24,51.6143,52.7658,51.336,52.7658,1337854.4813136
2020-11-25,53.2014,53.4627,51.8766,52.905,1679992.2861857
2020-11-26,53.0101,53.0793,51.8766,52.0679,682130.06696361
2020-11-27,51.8766,52.3123,51.318,51.7366,581969.85032421
2020-11-30,51.4401,51.4401,49.4696,49.4696,2193381.5928795
2020-12-01,49.871,50.551,49.3825,49.9582,816863.91848914
2020-12-02,50.2716,51.5803,49.5567,51.5803,925069.64220336
2020-12-03,51.5623,51.5803,50.3067,50.551,938673.29642978
2020-12-04,50.568,52.138,50.568,51.9637,836354.17607905
2020-12-07,51.8766,52.2601,50.7603,51.4581,763886.71503954
2020-12-08,51.7015,52.138,51.1959,52.0509,775625.40602899
2020-12-09,52.173,56.5497,52.103,55.6605,2774593.2103892
2020-12-10,55.6254,55.7477,53.1313,53.8813,1229652.097832
2020-12-11,54.8405,55.974,51.5452,53.0442,1491099.9022587
2020-12-14,53.6199,54.8926,53.2714,54.474,928387.60664883
2020-12-15,54.1256,55.1018,53.4457,54.0556,1011871.1550116
2020-12-16,54.492,55.4333,53.8993,55.4333,1620923.6117693
2020-12-17,54.7534,55.1548,51.0046,52.5736,2358440.3033436
2020-12-18,52.3993,53.1843,51.1087,52.0859,1405867.1853912
2020-12-21,51.1787,51.4051,49.1212,50.8473,991800.81034923
2020-12-22,51.1087,52.5386,51.0046,52.3293,895307.05576316
2020-12-23,52.3643,53.5328,52.103,53.2534,506646.49035765
2020-12-28,54.0214,54.8926,53.8813,54.387,794037.88187957
2020-12-29,54.9105,55.5384,54.7534,55.0147,703563.22655262
2020-12-30,54.7534,54.7534,52.888,53.2714,1264821.4075431
2021-01-04,52.3123,54.6492,51.4401,53.6199,1313270.3689122
2021-01-05,53.5499,54.8405,53.1843,54.2648,902183.48140585
2021-01-07,55.4162,57.543,55.3641,57.543,1730462.0883161
2021-01-08,57.543,61.1185,57.3688,59.7758,2138915.759073
2021-01-11,59.7928,63.036,59.4264,61.0485,2667066.6673165
2021-01-12,61.4669,61.7454,59.2872,59.8279,1002171.1193576
2021-01-13,60.1063,60.8912,58.8687,60.4206,923574.33138113
2021-01-14,60.4377,60.682,58.5552,59.4094,1035364.124743
2021-01-15,58.9908,59.5665,57.1774,57.7001,959064.30342787
2021-01-18,57.4909,59.4614,56.8811,59.2872,770549.36579178
2021-01-19,60.0542,60.682,57.7702,57.8402,668452.9276186
2021-01-20,57.9795,58.6594,56.7239,58.1537,1268267.4142406
2021-01-21,58.6424,59.1129,56.6718,57.0904,817104.4152409
2021-01-22,57.0203,57.4388,56.1481,56.8981,715376.51607156
2021-01-25,57.4558,57.7001,55.1719,56.044,1242214.7128784
2021-01-26,55.7997,56.4796,54.7534,56.1832,1447116.8319602
2021-01-27,56.1832,56.5847,54.5791,54.9276,1806608.2589287
2021-01-28,54.474,56.2182,53.6379,55.5734,1073761.2126176
2021-01-29,54.9276,56.2353,54.7534,55.5384,967772.28998089
2021-02-01,55.7997,56.2353,55.277,55.8698,424996.72972694
2021-02-02,56.1832,57.4558,55.9568,57.1254,595446.57570943
2021-02-03,57.4388,58.0666,55.6605,55.8347,1057131.3075983
2021-02-04,55.6254,56.8631,55.277,55.5033,827689.61255065
2021-02-05,55.7827,58.5552,55.6946,57.543,803384.96628215
2021-02-08,58.4151,58.8337,56.8811,57.1074,744705.98567643
2021-02-09,57.1074,57.4738,56.2704,56.4095,300313.63828504
2021-02-10,56.4625,57.2817,55.6425,55.9039,376092.38330469
2021-02-11,56.1481,57.9795,55.7126,57.631,535376.94490491
2021-02-12,57.543,57.543,55.974,56.3754,518639.0390295
2021-02-15,56.6718,58.0837,56.3925,57.578,728565.98144773
2021-02-16,57.7873,60.682,57.3867,59.8971,1283174.8726166
2021-02-17,59.9321,59.9321,58.0315,58.1537,1935717.1586494
2021-02-18,58.1537,59.7928,57.7352,58.8516,1547572.1024849
2021-02-19,58.9208,59.5135,57.9615,58.5722,1026867.6862586
2021-02-22,58.2408,58.2408,57.2125,57.6651,648211.11767947
2021-02-23,58.0666,58.7465,55.8518,57.0904,813025.9911591
2021-02-24,56.8811,57.526,56.6718,57.1945,683933.79260175
2021-02-25,58.6244,60.9963,58.5894,59.4614,2117482.599484
2021-02-26,58.6594,60.5949,58.0837,59.1129,1468155.844095
2021-03-01,60.0892,62.6696,59.5835,62.4603,1450458.1780344
2021-03-02,62.2339,64.2216,61.5712,62.4262,1534373.7298216
2021-03-03,62.3391,64.8493,62.3391,63.5767,1431450.0273588
2021-03-04,63.0189,63.5596,61.6933,62.9839,967815.71300551
2021-03-05,62.8968,63.2102,61.9726,62.2519,624516.62057745
2021-03-08,62.5654,63.4546,61.5712,63.3324,939859.07902522
2021-03-09,63.3324,65.2679,63.2282,63.821,1184842.8766549
2021-03-10,63.7339,64.9195,63.7159,64.6752,835738.45985813
2021-03-11,64.6931,64.9365,62.4783,63.2974,1439221.6353553
2021-03-12,63.2974,64.8153,62.3562,64.0303,585539.44563031
2021-03-15,64.0123,65.7394,63.7859,64.623,492727.74085
2021-03-16,64.606,64.9195,62.9669,63.1232,635018.31207063
2021-03-17,62.7746,62.7746,60.7691,61.2928,2010346.8636329
2021-03-18,61.8855,63.1762,61.7112,62.7396,1156557.7864627
2021-03-19,62.4603,62.7226,61.0305,61.1005,1647489.5955508
2021-03-22,61.1185,62.4262,60.8562,61.1185,713680.79128953
2021-03-23,62.2519,62.5133,61.2227,62.1989,990237.58146284
2021-03-24,61.9026,61.9026,60.5949,60.7171,730996.55741567
2021-03-25,61.1005,61.8335,59.7758,60.1592,972572.20431794
2021-03-26,60.5949,62.0248,60.5949,61.5891,538157.1318916
2021-03-29,61.6582,62.4603,61.4841,62.1298,480942.28660326
2021-03-30,62.3391,62.7576,61.4669,62.1298,559525.71364913
2021-03-31,62.5825,63.001,61.5191,61.5712,577666.51724309
2021-04-01,61.9026,62.3041,61.2748,62.3041,446721.60296854
2021-04-06,62.3391,63.821,62.3041,63.3503,742456.89568319
2021-04-07,63.3503,64.2916,62.9139,64.0823,885810.77430161
2021-04-08,64.4309,64.4309,63.054,63.4375,609797.32864152
2021-04-09,63.6989,63.9952,62.8789,63.6288,1705915.831885
2021-04-12,63.7339,65.39,63.2453,64.9365,579466.90264857
2021-04-13,65.1116,65.1116,63.9602,64.9365,341250.41639461
2021-04-14,64.9715,65.6173,64.9545,65.5643,586257.5956529
2021-04-15,65.6343,66.2622,64.9715,66.2622,566789.60628075
2021-04-16,66.2622,66.8199,65.6865,66.4714,824857.09525224
2021-04-19,66.2622,67.8142,65.9307,66.245,690915.99227877
2021-04-20,66.157,66.6807,65.5643,66.2622,620243.3495903
2021-04-21,66.2622,66.5064,65.5823,66.5064,460925.38566345
2021-04-22,66.6977,66.9942,66.1921,66.8549,286770.10824656
2021-04-23,67.0292,67.0992,65.5823,66.245,756181.91169637
2021-04-26,66.245,66.89,65.8606,66.7507,738617.85494226
2021-04-27,67.0292,67.4657,66.3663,67.2564,502035.85587151
2021-04-28,67.2905,69.6626,67.2564,69.5053,1266000.5096732
2021-04-29,69.8367,72.7836,69.4182,70.7439,1470019.6939211
2021-04-30,71.2666,71.2666,69.6976,69.7847,706899.0055723
2021-05-04,70.1331,71.6151,69.4533,69.6274,1258330.2220675
2021-05-05,70.3253,70.778,69.6976,70.5346,449443.89258907
2021-05-06,72.5222,73.8649,71.1794,71.4058,931070.92688828
2021-05-07,72.7836,73.2201,71.1794,72.9758,676058.63739276
2021-05-10,73.2201,75.3468,73.2201,74.5628,942076.9935136
2021-05-11,74.1092,75.2948,72.1037,73.7077,1612134.3462214
2021-05-12,73.2371,75.1205,72.8887,73.3763,545817.39879926
2021-05-13,72.6264,73.847,71.2666,73.7778,563631.97300312
2021-05-14,74.1964,74.9804,72.8887,74.3005,484908.25618539
2021-05-17,74.8061,77.4916,74.667,77.4225,1086382.838441
2021-05-18,78.1194,79.2529,77.9802,79.1658,1666660.3042159
2021-05-19,78.9044,79.3399,77.788,78.4679,1722343.0961227
2021-05-20,78.4679,79.5492,78.1024,79.1658,1284061.1476832
2021-05-21,79.6014,80.2992,78.9044,79.9508,770075.05275361
2021-05-24,79.9508,79.9508,79.0085,79.3399,377485.26032526
2021-05-25,79.3399,80.3513,78.6601,80.2121,684906.91371764
2021-05-26,80.3863,80.3863,78.5901,79.375,970924.35620408
2021-05-27,79.0957,81.7461,79.0957,81.7461,1901308.3085746
2021-05-28,81.7461,83.264,81.5368,83.264,1459277.5056761
2021-05-31,82.8275,84.798,82.1305,83.6645,679689.47029768
2021-06-01,83.6825,84.9552,82.1305,84.3094,710228.10412664
2021-06-02,84.1352,84.9552,83.1589,84.798,643614.95753488
2021-06-04,84.7459,85.4257,84.013,84.9202,830033.34246934
2021-06-07,84.9722,85.8793,84.5537,85.4779,484985.08153665
2021-06-08,85.4087,85.4087,83.7867,84.6938,811223.37893185
2021-06-09,84.5716,84.9202,83.1068,83.5253,797068.586316
2021-06-10,83.7346,87.187,82.8625,86.385,1095910.2954074
2021-06-11,86.5242,87.0128,85.2866,85.5479,856393.34523661
2021-06-14,86.2107,87.6666,85.8793,87.6666,594463.43389555
2021-06-15,87.8849,88.5819,86.1577,86.402,1379203.2214516
2021-06-16,86.0536,87.3182,85.6,85.8793,1039190.9179641
2021-06-17,85.7923,86.7335,85.4429,86.2279,700491.32591335
2021-06-18,86.315,86.9949,85.583,86.6293,1610135.7736779
2021-06-21,86.1928,86.4892,84.798,85.8793,1031712.1370312
2021-06-22,86.1407,86.8036,85.7401,86.2799,778715.12124248
2021-06-23,86.0015,87.17,86.0015,86.2629,381957.83186131
2021-06-24,86.5071,89.9757,86.35,89.5806,1570530.6349901
2021-06-25,89.8051,91.0266,88.1022,89.5446,792469.08593874
2021-06-28,89.5446,89.8051,88.1022,89.5806,494062.7205044
2021-06-29,89.1486,89.2357,85.8964,86.402,1392296.9334914
2021-06-30,86.2107,86.2629,80.6476,81.0842,2197359.8099814
2021-07-01,81.1363,82.7925,80.5785,82.2347,1189347.7371067
2021-07-02,82.3919,83.5423,81.712,82.1646,607177.47282266
2021-07-05,82.1646,83.1068,82.0433,82.3739,184188.22292632
2021-07-06,82.3919,82.9496,79.6714,79.7415,584904.80142429
2021-07-07,79.7585,81.8512,79.7585,81.4676,707200.73992287
2021-07-08,81.0842,81.0842,79.0265,79.4271,805273.31114776
2021-07-09,79.3579,80.6306,78.9735,80.4384,405606.67911693
2021-07-12,80.5605,80.5605,77.6138,79.0085,574913.05211771
2021-07-13,79.0085,80.7878,79.0085,79.3399,640221.28114904
2021-07-14,79.3399,81.1713,79.1828,80.3692,414012.93131937
2021-07-15,80.2992,81.1363,78.9565,79.3579,595786.16603019
2021-07-16,80.0549,81.5548,79.6893,81.0842,524326.34184408
2021-07-19,81.0492,81.0662,78.1024,78.4158,469532.05182569
2021-07-20,78.4158,79.5142,77.3695,78.5729,358557.27523366
2021-07-21,78.643,81.9033,78.643,81.2405,603568.9081355
2021-07-22,81.2585,82.0605,79.6014,79.7065,372131.980777
2021-07-23,79.6543,80.5435,79.6543,80.1069,254012.44651833
2021-07-26,80.6476,80.6476,79.0085,80.1249,481505.67251245
2021-07-27,79.9508,80.962,79.1658,79.4972,379967.05319403
2021-07-28,79.4801,82.1996,79.4801,81.3806,425537.84741838
2021-07-29,81.6249,82.7925,81.5027,82.1646,447799.38470787
2021-07-30,81.8512,82.7233,80.9441,82.0605,349333.77943961
2021-08-02,82.7403,83.9609,82.6012,83.7696,327504.24557456
2021-08-03,83.6996,83.8738,82.2176,82.9146,371256.83981923
2021-08-04,84.1352,86.6113,83.9789,86.315,1054024.8912215
2021-08-05,86.315,86.8386,85.4429,85.9664,348259.33793294
2021-08-06,85.9664,87.5795,85.7051,86.6984,567924.17197536
2021-08-09,86.5071,89.4548,86.5071,89.3228,780923.01503287
2021-08-10,89.3228,90.4966,88.3205,90.1554,893968.73587609
2021-08-11,89.6255,91.1973,89.0615,90.9368,679276.39485833
2021-08-12,90.847,90.847,89.4997,89.8501,297115.92221545
2021-08-13,89.8051,91.2871,89.1054,91.2871,357413.80225195
2021-08-16,90.3261,91.3679,89.9308,90.847,250148.91073787
2021-08-17,90.6763,91.0626,88.4516,91.0626,596594.50233469
2021-08-18,90.9368,90.9368,90.0206,90.9368,355466.44660929
2021-08-19,90.1913,90.847,88.1022,89.3228,420454.01330495
2021-08-20,89.2797,90.0655,88.6259,89.0615,210622.82422307
2021-08-23,89.4548,89.9308,89.1054,89.4548,182108.37138802
2021-08-24,89.8859,89.9308,88.7561,89.8859,172056.4978935
2021-08-25,89.4548,91.0626,88.6259,91.0266,471803.41003668
2021-08-26,90.5865,91.1075,89.9757,90.5416,169958.83178099
2021-08-27,90.0655,91.1973,89.9308,91.1973,259020.56869139
2021-08-30,91.3679,93.6851,91.2422,92.1582,449731.1525981
2021-08-31,91.5924,93.5953,91.5475,93.4606,649717.56261058
2021-09-01,93.5953,94.9065,93.5504,94.6371,522344.47046391
2021-09-02,94.1611,94.7269,92.4187,94.7269,415424.73632503
2021-09-03,94.6012,94.6012,93.5055,94.1611,221438.49758659
2021-09-06,94.1611,95.8227,93.9007,95.8227,335137.79062092
2021-09-07,95.7333,96.9547,95.1221,95.778,459009.20552565
2021-09-08,95.7333,95.7333,94.1611,95.3822,494603.83819584
2021-09-09,95.2034,95.2034,92.8678,93.4965,475571.1924808
2021-09-10,93.8558,95.9663,93.4067,93.766,390560.04438
2021-09-13,93.7211,96.2812,93.6762,96.2812,381842.03712899
2021-09-14,96.2812,96.6845,95.2928,96.1014,516392.17585804
2021-09-15,94.8437,95.6067,93.0924,93.1373,538928.72563681
2021-09-16,93.3169,95.2034,93.2271,94.8437,365939.18941938
2021-09-17,93.9904,94.7538,92.5086,92.8229,816391.83227274
2021-09-20,91.9248,91.9248,88.1795,89.2932,665294.18093008
2021-09-21,89.2932,90.9817,89.2932,90.4877,685596.11505715
2021-09-22,91.0715,93.9456,91.0715,93.8109,394223.16620067
2021-09-23,94.3048,94.7538,92.3289,92.778,348871.7139212
2021-09-24,92.8229,93.5863,92.0595,93.1822,273966.99644843
2021-09-27,93.6312,96.7749,92.7331,94.2149,768794.6302327
2021-09-28,93.766,94.3497,92.5086,92.8229,383639.0823018
2021-09-29,93.4965,94.2149,92.5086,93.5863,224376.78891933
2021-09-30,94.4395,94.4395,92.2391,92.5535,738559.9575761
2021-10-01,91.6104,97.4484,88.4669,97.4484,1381799.6956418
2021-10-04,96.9994,101.76,95.9663,99.0199,1628062.8023815
2021-10-05,98.3911,100.457,97.8974,100.098,652813.95828939
2021-10-06,100.098,104.993,98.706,102.747,1802614.4540744
2021-10-07,103.825,104.993,103.511,104.993,1594409.9582995
2021-10-08,104.993,107.957,104.813,107.462,1673709.3085462
2021-10-11,107.462,110.022,106.879,109.573,818639.80885509
2021-10-12,108.855,110.875,107.777,110.022,1220293.8793205
2021-10-13,109.573,110.562,107.418,107.867,942712.7511305
2021-10-14,107.867,110.74,107.597,110.74,783109.75401639
2021-10-15,110.562,111.549,109.393,110.92,1063569.0493512
2021-10-18,110.965,113.345,110.92,111.28,557973.61887162
2021-10-19,111.818,112.447,108.495,109.124,415823.33742284
2021-10-20,109.259,111.189,108.495,110.247,1181599.5107389
2021-10-21,110.247,111.953,109.035,111.46,1079958.4576188
2021-10-22,111.369,111.818,110.022,110.696,569597.62853963
2021-10-25,109.887,112.222,109.393,111.369,1129734.6047661
2021-10-26,111.189,112.896,109.393,112.762,661920.54594022
2021-10-27,112.178,113.3,111.684,112.582,679201.79632885
2021-10-28,112.267,113.884,111.369,111.369,449831.359578
2021-10-29,111.864,118.331,111.145,118.331,1486058.377759
2021-11-02,119.049,119.049,114.738,117.118,1399658.8062812
2021-11-03,117.611,119.991,113.435,114.378,1787253.8374671
2021-11-04,115.052,116.848,113.525,116.309,1934044.815496
2021-11-05,116.758,118.331,115.501,116.578,769609.64700253
2021-11-08,116.758,117.028,114.782,116.175,450624.10813007
2021-11-09,115.052,116.309,114.064,114.423,762037.339555
2021-11-10,114.513,116.938,112.267,113.48,1094521.8720304
2021-11-12,113.929,114.782,111.145,113.345,1613588.4608408
2021-11-15,113.66,115.187,112.402,113.525,842984.53791555
2021-11-16,113.48,114.423,111.369,111.818,822768.33642683
2021-11-17,112.267,113.166,111.773,112.222,851175.90181666
2021-11-18,112.447,112.447,108.54,109.393,957899.67563929
2021-11-19,109.573,111.324,104.589,107.104,1288491.4096056
2021-11-22,107.238,108.944,106.744,107.553,1406951.6475959
2021-11-23,107.148,109.393,105.262,108.944,2480452.3220658
2021-11-24,109.035,110.022,107.058,108.091,1489900.7587326
2021-11-25,108.675,109.798,107.418,108.675,386915.85054442
2021-11-26,105.846,105.846,100.367,100.951,1200265.8442719
2021-11-29,101.49,105.038,99.0646,104.184,1151781.2537543
2021-11-30,102.793,107.373,101.894,106.969,1310922.18535
2021-12-01,107.777,108.63,104.453,105.442,1571925.7388325
2021-12-02,105.891,105.891,103.825,104.364,959937.21756386
2021-12-03,105.307,106.52,102.658,103.062,730138.11762123
2021-12-06,104.499,106.205,103.735,106.16,673743.85615715
2021-12-07,106.429,109.079,106.25,107.777,817435.09827455
2021-12-08,108.316,108.675,105.577,106.609,412583.31173951
2021-12-09,106.026,106.834,102.388,104.453,611471.89861668
2021-12-10,103.915,104.319,102.568,103.286,117914.66665532
2021-12-13,103.286,104.948,101.894,103.242,472097.35051104
2021-12-14,103.555,103.87,100.188,101.669,669669.8857189
2021-12-15,101.804,101.804,99.1102,100.637,522199.7270485
2021-12-16,101.041,105.307,101.041,104.184,661328.21134795
2021-12-17,103.286,103.915,101.131,102.209,1247215.0411752
2021-12-20,99.8732,102.658,98.9752,102.388,427379.4290267
2021-12-21,102.388,103.197,101.804,102.344,344557.2467312
2021-12-22,102.613,103.286,101.76,103.151,320795.94497592
2021-12-23,102.702,107.148,102.702,107.148,526809.24812375
2021-12-27,107.193,107.777,105.846,106.744,322032.94447221
2021-12-28,106.924,110.337,106.655,109.798,435138.78950337
2021-12-29,108.675,110.291,107.553,108.63,342156.73285724
2021-12-30,108.046,110.202,107.867,109.573,295500.36301734
2022-01-03,109.933,114.019,109.573,111.953,630683.80348465
2022-01-04,111.998,113.84,110.965,112.178,1077680.4189425
2022-01-05,111.504,111.504,108.944,110.157,908068.97135844
2022-01-07,110.022,111.189,108.495,111.189,1107300.488789
2022-01-10,111.324,113.929,110.875,112.896,652283.97470683
2022-01-11,113.705,118.24,113.031,118.151,2033992.3706558
2022-01-12,118.824,123.674,118.331,122.102,2602889.6637471
2022-01-13,122.102,123.449,120.935,122.551,1263581.0678141
2022-01-14,121.338,123.045,119.678,122.013,994499.71834111
2022-01-17,121.473,123.045,120.036,120.396,347511.12581638
2022-01-18,119.857,119.991,117.746,118.734,568517.61997852
2022-01-19,118.105,122.371,116.938,119.902,850339.73023996
2022-01-20,120.889,121.698,119.229,120.845,1148426.5467495
2022-01-21,119.902,120.755,119.363,120.44,1275704.9989707
2022-01-24,119.542,122.416,113.256,114.962,1993394.0694561
2022-01-25,114.738,117.387,113.84,116.624,1204140.5141612
2022-01-26,116.803,119.902,116.803,119.229,962607.17687266
2022-01-27,118.555,123.18,117.253,121.249,1234202.6081302
2022-01-28,121.653,121.653,117.028,119.138,1012952.2769836
2022-01-31,120.44,122.147,119.183,121.698,1261846.373651
2022-02-01,122.147,124.303,122.147,123,467000.15546697
2022-02-02,124.168,124.752,122.462,123.449,896477.25060617
2022-02-03,123.449,124.078,122.013,123.629,477783.53991474
2022-02-04,124.123,124.258,120.531,120.711,933914.57829558
2022-02-07,121.069,122.147,117.836,119.542,978547.88055245
2022-02-08,120.261,123.584,119.678,123.584,771531.39419477
2022-02-09,124.033,124.393,122.371,123.854,990085.04417122
2022-02-10,123.135,123.674,120.98,122.327,878001.310335
2022-02-11,120.62,121.429,117.656,119.587,1630516.759978
2022-02-14,116.309,119.678,114.244,117.656,1232171.746671
2022-02-15,118.555,121.429,117.926,119.049,877357.75884189
2022-02-16,120.486,122.507,119.093,121.473,715584.72390756
2022-02-17,121.249,121.249,116.938,116.983,487724.07232049
2022-02-18,115.86,118.06,115.097,115.097,452101.6043781
2022-02-21,115.097,116.04,107.328,107.328,1462418.4377905
2022-02-22,104.184,109.124,102.658,107.911,1456584.1647387
2022-02-23,108.136,110.471,106.026,106.385,953140.95750509
2022-02-24,97.6729,100.591,88.4848,90.9368,6364025.0448627
2022-02-25,95.2034,106.609,94.7538,106.52,2626536.2841809
2022-02-28,102.837,105.98,99.5136,103.825,3651975.4642706
2022-03-01,103.511,105.577,94.0802,94.0802,2652106.8786288
2022-03-02,94.17,97.8974,91.7002,95.9663,2474481.0994748
2022-03-03,96.9994,97.4931,92.3738,93.6312,1973810.2853517
2022-03-04,92.1493,92.1493,81.9464,82.1978,3519286.9485458
2022-03-07,77.2761,87.5688,74.0607,84.2456,4793530.039021
2022-03-08,84.2456,90.7122,82.7547,85.3773,2977059.1864486
2022-03-09,88.1974,96.011,87.3892,94.5742,2301120.7974318
2022-03-10,95.9216,96.2355,90.3979,90.847,1852691.2221614
2022-03-11,91.6104,97.2686,91.4308,94.3048,973401.69542931
2022-03-14,96.011,97.0888,92.778,93.9456,927479.06336443
2022-03-15,93.0924,98.3464,93.0474,97.3133,970177.25749841
2022-03-16,98.7507,102.658,98.257,101.266,2036979.6520676
2022-03-17,102.747,104.813,100.322,101.939,1614122.8980669
2022-03-18,101.669,102.388,100.367,100.637,1816684.6274628
2022-03-21,101.266,103.421,97.4037,97.8974,1297648.1007463
2022-03-22,98.3464,100.502,97.7176,98.7954,1010550.6496988
2022-03-23,99.7837,100.591,96.6845,98.257,1759584.4634959
2022-03-24,99.0646,100.322,97.9868,98.8857,2659888.5073232
2022-03-25,99.2444,99.2891,95.2034,96.8196,1110491.5243933
2022-03-28,97.5835,99.2891,95.9216,96.4153,1197405.4917012
2022-03-29,96.9994,105.756,95.9663,105.307,1675952.831485
2022-03-30,104.319,105.082,101.939,103.107,870842.07832683
2022-03-31,103.286,104.544,101.4,101.4,987898.3051877
2022-04-01,101.894,105.756,101.894,105.622,1229218.9809967
2022-04-04,105.98,107.418,104.004,105.531,1299791.4167052
2022-04-05,106.789,106.789,102.164,102.344,1074186.5355767
2022-04-06,102.747,104.319,100.413,102.209,1027461.1342618
2022-04-07,102.522,103.646,100.996,101.49,874392.74564783
2022-04-08,102.119,103.78,100.367,101.49,709410.86053504
2022-04-11,101.311,103.151,99.5592,102.927,720434.74173456
2022-04-12,103.915,103.915,99.9179,99.9179,990115.10626519
2022-04-13,101.49,101.894,100.188,100.637,293092.05526715
2022-04-14,101.22,101.311,98.1219,98.3464,533368.35166343
2022-04-19,98.7954,99.4242,95.6067,96.7749,978948.70847203
2022-04-20,97.808,100.008,97.2239,98.0325,607316.64918363
2022-04-21,99.604,102.837,98.1219,100.862,992647.00262391
2022-04-22,100.502,100.637,96.8196,97.6729,480276.46689239
2022-04-25,96.1908,97.1792,88.9339,91.8349,2408041.6449815
2022-04-26,93.4067,94.6191,91.4308,91.9697,1085662.4615967
2022-04-27,90.7122,90.9368,87.1556,88.0178,1447234.8535143
2022-04-28,91.6104,92.4636,87.1736,87.5867,1532326.1671991
2022-04-29,89.8141,91.0266,87.2993,88.0178,1430199.6669319
2022-05-02,87.8382,88.3232,85.5569,86.2395,849600.4254105
2022-05-04,87.1736,87.2993,83.1678,83.4732,2913986.6864799
2022-05-05,85.5929,85.5929,81.8207,81.8207,1916903.8548792
2022-05-06,82.09,82.09,77.9586,81.2638,1739308.1378192
2022-05-09,80.3836,80.4195,78.264,78.264,1112571.3759316
2022-05-10,78.8388,79.4495,76.7012,78.0484,2258700.9560197
2022-05-11,79.0364,79.0364,75.3181,75.8031,1471231.0849669
2022-05-12,73.6476,75.7852,70.7915,73.8272,3040192.9240162
2022-05-13,76.2342,80.0244,75.4798,79.4495,1492331.3347005
2022-05-16,79.3777,81.9284,77.7072,79.3238,1276880.7608682
2022-05-17,80.8327,83.2218,79.6471,82.4493,1467388.7039933
2022-05-18,83.4014,85.2336,82.3236,82.3236,1251994.9141163
2022-05-19,80.671,82.4134,79.1442,81.5333,1160085.0721551
2022-05-20,83.1678,83.1678,81.2458,81.7847,668447.36056416
2022-05-23,83.3295,84.6049,82.4673,84.6049,839989.46262752
2022-05-24,83.6169,86.3472,83.096,84.4432,819324.55655105
2022-05-25,85.7185,85.7365,81.9464,82.8086,577677.65135197
2022-05-26,82.5931,84.102,81.4075,83.9762,629534.7634485
2022-05-27,84.4252,84.5869,81.5333,81.5691,573268.54423651
2022-05-30,83.2038,84.7127,82.6829,84.7127,521592.91811468
2022-05-31,84.7127,84.7127,82.8445,83.7427,1574279.4894491
2022-06-01,83.9043,84.7485,82.6829,82.9703,322174.34765495
2022-06-02,83.5271,85.8803,82.6469,85.0719,427536.41996188
2022-06-03,85.503,85.5929,81.2818,81.4973,303406.69373119
2022-06-06,81.9284,84.3534,81.7488,84.2456,349508.58494899
2022-06-07,83.1678,83.4193,81.8386,82.6469,608054.8406022
2022-06-08,82.9882,83.3654,80.4375,81.2818,800319.7461082
2022-06-09,81.2638,82.2518,78.3717,78.5694,559363.15565952
2022-06-10,78.1383,78.1383,74.3661,74.9409,754394.88722155
2022-06-13,73.45,73.4679,71.492,71.9052,933667.4010785
2022-06-14,72.4261,76.5575,72.0309,74.9768,1041811.8871939
2022-06-15,75.3181,76.1623,73.1087,75.7852,1010707.640634
2022-06-17,73.6476,75.3181,73.1985,73.1985,1086022.0933134
2022-06-20,73.935,74.4559,73.3063,73.6476,273176.47471813
2022-06-21,74.8152,75.7672,74.0607,74.851,275159.4595092
2022-06-22,73.7374,74.3661,72.9111,73.7554,420549.7666413
2022-06-23,73.5578,75.875,72.8213,73.6476,641883.60360444
2022-06-24,74.2403,75.7492,73.2883,75.5876,451112.89550979
2022-06-27,76.3419,76.3419,74.4559,74.9948,524673.72604106
2022-06-28,75.4439,77.8329,75.0307,76.791,1220580.0259187
2022-06-29,75.6235,76.3959,74.9948,75.4798,712677.60807967
2022-06-30,74.5637,74.5637,72.3183,73.2345,1546505.4548544
2022-07-01,73.0369,75.6235,72.498,72.6596,520740.04537467
2022-07-04,73.5578,73.5578,68.0971,70.2346,860841.42173314
2022-07-05,71.5818,72.5878,68.0971,69.1209,502948.85279946
2022-07-06,69.8215,70.7376,68.0431,70.1269,573762.89867067
2022-07-07,71.0969,73.1985,70.4862,71.0609,1030170.0629517
2022-07-08,70.9531,73.3601,69.4263,73.3601,919098.41961241
2022-07-11,71.977,73.9889,71.3663,72.0309,781559.88606065
2022-07-12,71.7256,71.7974,67.9353,68.115,1605137.6722029
2022-07-13,68.2587,69.2107,66.7678,67.8995,718977.28688251
2022-07-14,68.1689,68.3486,65.6002,65.9954,772988.84904682
2022-07-15,66.4624,67.163,64.5763,66.4624,982395.82858048
2022-07-18,67.3426,68.9053,67.3246,68.618,978586.84993352
2022-07-19,68.2587,69.606,67.648,69.1569,740095.35119029
2022-07-20,70.055,70.4682,68.4922,69.3365,1423532.5625361
2022-07-21,69.4263,69.7496,67.6839,69.1569,942362.02670087
2022-07-22,70.0891,70.0891,68.0153,68.4339,769674.19735485
2022-07-25,68.6812,70.9452,68.2056,70.2984,799037.24858868
2022-07-26,70.1271,70.1271,66.6836,67.5397,994611.86339233
2022-07-27,67.73,68.2056,66.5884,67.3495,821781.73435751
2022-07-28,68.1675,68.8715,67.3875,68.3007,1189771.2410043
2022-07-29,68.491,69.7847,68.2436,69.6325,1304481.8292413
2022-08-01,70.013,70.5838,69.3471,70.3935,855206.75143581
2022-08-02,69.8227,70.4886,69.5374,69.9559,859699.72297288
2022-08-03,70.5838,70.5838,68.2056,69.9179,1652385.4193793
2022-08-04,68.6812,69.1569,65.9416,66.5884,2167603.3169201
2022-08-05,67.3685,68.3007,65.6752,66.3792,704621.77230644
2022-08-08,66.9119,69.4232,65.8465,69.4232,868023.38900716
2022-08-09,69.4042,71.2116,68.9856,69.4422,1362984.0189955
2022-08-10,69.6896,70.1081,67.768,69.8227,617748.89564482
2022-08-11,70.736,70.736,68.7383,70.013,459828.40987398
2022-08-12,69.233,71.2116,69.233,70.4125,534677.2789453
2022-08-16,70.9643,71.3638,69.4993,70.051,856386.23530679
2022-08-17,69.7276,69.8227,67.3304,67.7109,1196801.8899608
2022-08-18,68.3007,70.8501,67.6348,70.013,825058.42885472
2022-08-19,68.9666,69.7657,67.749,68.491,722937.41177541
2022-08-22,68.6812,69.4232,66.9119,68.3388,722268.82733517
2022-08-23,67.73,68.0724,66.1128,66.1128,1089713.7950825
2022-08-24,66.1128,66.5504,63.8488,64.02,659160.13283708
2022-08-25,65.2947,66.7787,65.1045,66.1128,756847.04744953
2022-08-26,66.3221,66.3601,63.259,63.8678,603656.06073
2022-08-29,62.7834,63.1829,61.8131,62.8214,719211.84061786
2022-08-30,63.1449,64.2103,61.9463,62.2697,689064.56927016
2022-08-31,62.7834,63.3351,60.9189,62.0224,2615622.1708167
2022-09-01,61.8321,61.8321,58.4837,58.4837,1491098.8842725
2022-09-02,59.4159,59.7584,58.3695,59.454,1788161.6736508
2022-09-05,58.6549,59.7013,57.3612,59.3969,1858550.1594203
2022-09-06,59.2637,59.7203,58.4456,59.0544,1825837.8785849
2022-09-07,58.9783,60.0628,58.1222,59.7394,2102005.3017389
2022-09-08,60.5955,62.1175,60.0438,61.2994,1586347.9886383
2022-09-09,62.3078,65.3328,62.0604,65.2377,1430802.2391104
2022-09-12,66.4933,68.8525,65.3138,68.8334,1338112.8880653
2022-09-13,69.1188,69.252,65.6752,66.5884,1190500.7969816
2022-09-14,64.9523,67.3114,64.724,66.8548,1198530.1176648
2022-09-15,67.5397,68.51,66.7787,67.5397,863934.09109438
2022-09-16,66.5884,67.3304,63.8678,64.8762,2522661.6015554
2022-09-19,64.8762,66.3982,64.3435,66.3601,675322.84630981
2022-09-20,67.4446,67.8631,63.982,64.3435,731810.87287611
2022-09-21,63.7347,64.4005,62.9736,63.2971,552991.86718086
2022-09-22,62.3458,64.4005,61.4897,63.8298,546212.46300619
2022-09-23,63.259,63.4683,61.1092,61.5468,707815.41936532
2022-09-26,61.1662,61.8321,59.6062,60.8809,1122706.7552348
2022-09-27,61.8321,62.6883,60.6906,61.3945,843004.03416808
2022-09-28,60.0247,60.4243,58.2934,60.0438,1336190.182183
2022-09-29,60.8809,60.8809,57.7607,58.1983,908999.41557323
2022-09-30,58.1983,58.8642,57.19,57.7417,1339057.9468889
2022-10-03,57.6466,57.7797,55.5728,57.1139,1061868.7248734
2022-10-04,58.3125,60.7096,58.0271,60.5955,631768.14422187
2022-10-05,60.8618,60.8618,58.2554,58.5027,564253.73055864
2022-10-06,59.3588,60.4052,58.8642,59.6442,1369398.6451816
2022-10-07,59.6442,61.0331,59.1876,60.7667,1625860.6983163
2022-10-10,60.3672,61.0711,59.7394,60.196,1209025.6318965
2022-10-11,60.2721,63.24,59.2637,61.8321,1452369.343475
2022-10-12,62.5361,63.5064,61.0711,62.7834,1283357.2941366
2022-10-13,63.4493,63.4493,59.9296,61.9653,1821129.4042015
2022-10-14,63.6966,65.1045,63.1449,64.0581,1176711.7685184
2022-10-17,64.0581,65.3518,63.3351,64.8191,680698.85390002
2022-10-18,66.0748,68.7573,65.6372,68.5861,1774919.2865538
2022-10-19,68.5861,69.4803,66.3982,66.7787,1766591.4155859
2022-10-20,67.0641,69.3471,66.6075,69.0998,1257708.250493
2022-10-21,68.491,70.2984,67.7109,68.491,1267699.1726943
2022-10-24,69.252,70.1081,68.3958,69.5374,762732.9032371
2022-10-25,70.013,70.2984,68.4149,69.4993,1126636.2656713
2022-10-26,69.9179,70.9833,69.5374,70.9833,937950.38331559
2022-10-27,70.8691,72.4482,70.1081,72.3912,756293.04744952
2022-10-28,72.0868,73.9132,70.8121,73.2473,829999.22581874
2022-10-31,73.2473,74.9025,73.019,74.6171,846682.29982278
2022-11-02,74.6742,75.7016,73.761,75.5874,1253128.026584
2022-11-03,72.7717,74.503,72.6956,73.3424,928763.6546627
2022-11-04,73.799,73.8942,72.0487,72.1248,1496929.0246901
2022-11-07,72.5243,77.1094,72.4482,75.5113,1520748.9222236
2022-11-08,75.5494,76.3484,74.4459,75.7967,891046.45162609
2022-11-09,75.8157,76.8621,75.4923,76.1391,1091997.07402
2022-11-10,76.1011,78.9549,74.7122,78.0226,1049346.4326531
2022-11-14,78.0987,82.5506,78.0607,81.7135,1158928.0531481
2022-11-15,81.8087,83.9966,80.8574,83.6161,1061314.7248734
2022-11-16,81.8087,82.9882,79.1451,81.8087,2103652.5844714
2022-11-17,82.2843,82.2843,77.9085,79.2783,1214774.8273425
2022-11-18,79.2783,80.7242,78.0036,79.7159,994862.05694072
2022-11-21,80.7432,80.7432,78.8027,79.2973,687094.55788493
2022-11-22,78.9549,80.534,78.2509,79.9061,458148.53890621
2022-11-23,79.9252,80.5149,79.3164,79.6778,457223.4535172
2022-11-24,80.4769,81.9228,80.1535,81.5804,466943.15750217
2022-11-25,81.8087,82.4745,80.6101,82.075,603283.9241076
2022-11-28,81.6184,82.4175,80.4008,80.553,908943.70020321
2022-11-29,80.9525,81.0667,78.7646,79.792,606509.10816837
2022-11-30,80.3818,80.9906,78.8597,79.811,1550682.7931918
2022-12-01,81.8848,82.3794,80.7052,81.5994,860502.86528788
2022-12-02,81.8087,81.8087,79.5447,80.3818,887472.25807765
2022-12-05,80.7813,82.1131,80.7813,81.2189,387380.5578805
2022-12-06,80.8574,80.8574,78.6885,78.9739,494676.79697127
2022-12-07,78.9739,79.6969,78.8217,79.4686,301719.75332515
2022-12-08,79.4305,79.4305,77.6612,78.4602,354484.31120069
2022-12-09,78.4792,79.1832,77.9085,78.6124,547873.41177282
2022-12-12,78.6314,80.9525,77.7182,80.4198,435057.1461165
2022-12-13,80.9525,82.779,79.9442,81.4662,912595.685023
2022-12-14,81.333,82.4555,80.7813,81.5804,606022.38710574
2022-12-15,81.7706,81.8657,79.3354,80.0203,737089.11576044
2022-12-16,79.4495,80.3057,78.6695,79.792,1597676.07972
2022-12-19,79.4305,80.3818,78.8217,79.7539,452052.43643933
2022-12-20,78.8027,81.7135,78.7456,81.4282,437014.54270097
2022-12-21,81.6374,82.7219,80.4769,82.7219,675992.48198344
2022-12-22,82.7599,83.5209,81.8467,82.6458,429139.75332703
2022-12-23,82.7409,82.7409,81.1428,81.5233,297893.26376152
2022-12-27,81.8087,82.056,80.3247,80.7242,167568.70588483
2022-12-28,80.8574,81.7135,80.1344,81.4852,297037.55977669
2022-12-29,81.1428,83.2736,80.9335,83.1404,252098.38330544
2022-12-30,81.4472,82.7599,81.4282,82.2843,261839.11195833
2023-01-02,82.7599,83.6161,82.3033,82.3033,180079.43453777
2023-01-03,82.7599,87.2118,82.3794,86.4699,1527929.8975558
2023-01-04,86.4699,89.0953,86.0894,88.9241,700797.38520961
2023-01-05,89.1144,90.9979,87.7255,89.8754,1886637.0133107
2023-01-09,91.1691,93.7565,90.6554,93.6614,1082188.0151963
2023-01-10,93.2238,95.3166,91.7969,94.9361,874689.259975
2023-01-11,95.1264,96.363,93.3951,94.137,1641960.3377852
2023-01-12,94.2512,97.4569,93.7185,96.4106,1367382.3795269
2023-01-13,96.8386,96.8386,94.08,96.0776,825618.7362551
2023-01-16,96.0776,98.5509,95.0312,96.8386,1116191.2106427
2023-01-17,97.0289,97.2667,92.8814,93.0145,1571265.9430973
2023-01-18,92.7482,92.9384,90.2559,91.2262,2300278.4326716
2023-01-19,89.8754,91.3784,89.4949,90.5603,1528597.4307627
2023-01-20,91.3213,91.3213,89.6281,90.7505,1267965.1347436
2023-01-23,91.4164,92.2726,90.4652,91.9872,1847435.468718
2023-01-24,92.7482,92.7482,90.8457,91.7018,573201.8292305
2023-01-25,90.313,90.313,85.9942,87.4211,2619971.1233784
2023-01-26,88.4675,88.5817,86.2796,88.0109,850732.70209988
2023-01-27,88.4675,88.6578,87.0216,87.0216,643590.31500004
2023-01-30,86.9455,86.9455,85.2142,85.7279,500362.91841348
2023-01-31,85.6137,87.7826,85.0239,87.7065,1407482.7286736
2023-02-01,87.7065,87.8587,85.9942,86.4318,706521.3510541
2023-02-02,87.8016,88.106,86.2035,87.8397,1370333.1916711
2023-02-03,87.4211,89.8373,87.1357,88.848,1368377.8975535
2023-02-06,88.4104,88.5436,85.8801,86.565,901603.98862815
2023-02-07,87.2118,87.8777,86.0703,86.7552,699796.61101605
2023-02-08,87.4972,88.5056,86.9455,87.9348,596164.97154583
2023-02-09,88.4675,90.7886,88.1251,89.571,1031089.6622544
2023-02-10,89.5329,89.5329,87.2309,87.364,1233644.4668114
2023-02-13,88.3343,88.7148,87.2689,88.1821,513627.38141178
2023-02-14,88.4675,89.59,87.8397,89.0953,908444.36433982
2023-02-15,88.4295,89.7612,88.1441,89.2856,424246.26186586
2023-02-16,89.4188,90.5603,86.603,90.5222,1303917.3169073
2023-02-17,89.8944,89.8944,87.6114,87.6114,727182.29223088
2023-02-20,87.5733,87.6875,84.8527,85.7469,1006480.2884399
2023-02-21,85.5186,85.5947,82.4936,84.0346,902848.64896972
2023-02-22,84.0346,84.0346,81.7135,82.2082,967997.78749061
2023-02-23,82.1701,84.0346,82.1131,83.0834,870587.34726146
2023-02-24,83.597,84.7766,83.1404,83.8444,827520.41746955
2023-02-27,84.7956,84.7956,83.1785,83.9205,422467.57495881
2023-02-28,84.1868,86.6791,83.4068,85.3093,972261.59014722
2023-03-01,85.9562,86.565,84.8527,85.3283,1018062.7780037
2023-03-02,85.804,85.804,82.8741,83.1024,908899.54840055
2023-03-03,83.6161,84.4151,82.1892,84.3581,1330190.7931886
2023-03-06,84.7576,86.6601,84.7576,86.6601,1096514.2239251
2023-03-07,86.6601,87.6114,85.9942,86.2416,876639.29792569
2023-03-08,86.565,86.8504,85.4235,86.6601,368841.00569806
2023-03-09,86.9455,86.9455,85.2332,85.2522,431814.09108799
2023-03-10,83.7112,83.7112,80.8574,81.4472,924843.60532678
2023-03-13,82.7599,82.9502,77.4329,78.4031,1413609.316909
2023-03-14,78.4031,80.0203,77.4329,78.6885,736792.66794259
2023-03-15,80.2676,80.2676,74.7883,76.3104,1561427.4497385
2023-03-16,77.5851,78.5173,74.2366,75.9869,1302806.1632071
2023-03-17,76.5767,77.9085,73.1712,73.6088,1873409.3434812
2023-03-20,72.7526,75.1879,69.9559,75.0357,1161950.3491633
2023-03-21,76.1011,79.1071,75.9869,78.6314,876924.18217617
2023-03-22,78.9168,80.0013,77.2426,77.2426,558945.00190581
2023-03-23,77.1094,77.8514,75.6255,77.2426,771625.28653894
2023-03-24,76.9382,76.9382,74.0083,75.0547,597567.31689689
2023-03-27,76.5767,77.0523,75.0547,76.3865,358563.0967795
2023-03-28,77.0523,79.1832,76.8621,77.6802,563061.63188689
2023-03-29,78.1939,79.7349,77.9085,79.5827,647322.19355797
2023-03-30,79.9061,81.7135,79.7349,81.314,620072.1214513
2023-03-31,81.7326,81.8277,80.6481,81.295,667073.81784669
2023-04-03,82.094,84.1678,81.6755,82.8551,600096.58444911
2023-04-04,83.9966,84.7766,82.3984,82.7029,448135.5408036
2023-04-05,82.7599,82.779,80.4769,81.0096,668882.99052223
2023-04-06,80.8574,82.5316,80.0964,81.9799,460103.83302389
2023-04-11,82.8931,84.0346,81.5613,83.7302,647017.33587295
2023-04-12,84.2819,86.565,83.3687,85.8801,716187.44213584
2023-04-13,85.9181,87.6114,85.4235,87.4211,662137.22581625
2023-04-14,87.6684,89.4378,87.3831,88.9431,674521.8064616
2023-04-17,89.7042,89.9705,88.7719,89.3807,756668.33777211
2023-04-18,89.5519,92.2726,89.0383,91.4164,775233.11955607
2023-04-19,91.4164,92.4438,90.0086,92.1584,745484.26566568
2023-04-20,92.3487,94.4605,92.2345,93.2238,1027026.6451765
2023-04-21,92.9955,93.6424,91.5877,92.6911,613367.35484779
2023-04-24,92.6531,94.4605,92.1204,93.6995,757992.89185183
2023-04-25,92.9765,93.2999,91.112,92.9384,700637.59773333
2023-04-26,92.4057,93.1858,90.0276,91.4735,852639.63948131
2023-04-27,92.7482,94.3653,91.7208,93.9848,854359.45731815
2023-04-28,94.3653,94.3653,90.8266,91.3023,1743557.840633
2023-05-02,91.5116,93.1287,90.37,90.5603,1098984.6224072
2023-05-04,90.5603,90.9408,87.2118,87.6494,1115538.3947034
2023-05-05,87.5162,90.4081,87.5162,90.1417,643108.8501044
2023-05-08,90.5603,91.4164,89.9515,90.0847,561542.59962881
2023-05-09,89.4188,90.5413,88.9241,90.0086,586805.8406159
2023-05-10,90.9788,92.0823,89.2666,90.8457,724721.35484944
2023-05-11,91.7018,91.7018,89.7422,90.4081,691094.500959
2023-05-12,91.093,92.6531,90.9598,91.2071,782733.66984081
2023-05-15,91.9872,91.9872,89.9705,91.0169,385190.83871538
2023-05-16,91.3213,92.4438,90.5793,91.8921,611806.27325384
2023-05-17,91.7399,92.6531,90.4461,91.9491,623014.52372839
2023-05-18,92.6721,94.118,92.1774,93.8326,887978.95257481
2023-05-19,94.118,96.6484,93.5092,96.6484,1090690.390908
2023-05-22,96.4106,97.3618,95.4117,96.6959,480445.1992481
2023-05-23,96.4106,98.4082,96.363,97.5996,678641.59014287
2023-05-24,97.0289,97.3143,94.6888,94.9932,743590.99431841
2023-05-25,95.602,97.124,94.5175,96.363,370604.97533755
2023-05-26,96.6484,97.9801,96.0776,97.9801,998914.56168461
2023-05-29,97.9801,98.218,96.2203,97.3618,383854.7210683
2023-05-30,97.8375,97.8375,95.4117,95.602,589931.15750399
2023-05-31,94.1941,94.3083,90.8647,91.5686,2132473.1992726
2023-06-01,92.2155,94.099,92.0633,93.8707,826061.30551507
2023-06-02,94.3083,99.407,94.2322,99.2168,971693.92411305
2023-06-05,98.9314,100.549,97.4094,97.885,667256.73245769
2023-06-06,97.5045,101.738,97.5045,101.547,793809.46490739
2023-06-07,101.547,103.069,99.9778,100.691,707361.28653798
2023-06-09,102.356,104.163,101.119,103.402,791910.93739313
2023-06-12,103.402,105.305,102.356,102.736,829943.51044872
2023-06-13,103.212,103.783,101.024,101.69,427433.60152435
2023-06-14,102.451,106.874,102.404,106.542,1109876.4516293
2023-06-15,106.256,106.97,103.735,106.589,808385.86718464
2023-06-16,106.589,108.634,105.685,106.637,1327695.165105
2023-06-19,106.256,106.97,104.924,105.4,275188.72486176
2023-06-20,105.4,106.589,103.973,104.116,365170.09867713
2023-06-21,104.734,106.874,103.022,106.066,747084.24289531
2023-06-22,106.066,107.398,104.924,106.732,430591.50664774
2023-06-23,106.684,106.684,102.784,103.022,479498.03795776
2023-06-26,102.832,105.971,102.023,105.543,453513.6508606
2023-06-27,105.59,105.781,102.404,103.497,552141.41936301
2023-06-28,103.735,104.877,100.168,101.785,888125.07401694
2023-06-29,102.451,104.354,101.738,103.973,472692.35294817
2023-06-30,103.926,105.828,103.64,105.4,604882.85010383
2023-07-03,107,107.7,106.1,107,466654
2023-07-04,107.95,108,105.45,105.45,169222
2023-07-05,105.05,105.05,102.5,102.9,555955
2023-07-06,102.8,104.8,101.4,103.6,720888
2023-07-07,104.5,106.5,104.1,106.1,360294
2023-07-10,106,106.85,105.25,106.4,304037
2023-07-11,106.95,107.45,105.75,106.3,357712
2023-07-12,107.15,111.35,106.4,111.2,596140
2023-07-13,110.7,113.25,110.2,112.7,737113
2023-07-14,111.95,113.85,111.25,112.2,368836
2023-07-17,111.05,112.75,110.6,111.6,353437
2023-07-18,110.2,114.55,110.2,114.4,406411
2023-07-19,114.75,115.5,113.8,114.95,622903
2023-07-20,114.8,115.65,113.9,114.4,570366
2023-07-21,114.95,115.2,112.65,112.7,403238
2023-07-24,112.85,114.5,112.15,114.15,398113
2023-07-25,114.5,115.15,113.15,113.8,482399
2023-07-26,114,114.45,113.35,114,448355
2023-07-27,114.3,117.85,114.3,117.65,786323
2023-07-28,116.9,118.3,116.45,118.05,267802
2023-07-31,118.15,119.6,118.05,118.3,502814
2023-08-01,118.85,119,116.3,117.2,486899
2023-08-02,116.1,117.05,114.55,115.55,536980
2023-08-03,115.5,116.25,113.6,115.4,383634
2023-08-04,115.95,118.5,115.55,117.35,284400
2023-08-07,117.5,118.1,116.1,117.25,403745
2023-08-08,117.3,117.3,111.8,112.45,558260
2023-08-09,113.2,114.3,112.1,112.35,488542
2023-08-10,112.35,114.55,112.35,113.5,499704
2023-08-11,113.5,113.5,111.25,112.3,352665
2023-08-14,111.4,111.75,109.15,109.8,517309
2023-08-16,108.45,108.75,106.1,107.15,819798
2023-08-17,106.95,107.75,105.1,105.6,540961
2023-08-18,104.5,106.2,104.3,105.9,475067
2023-08-21,105.5,106.9,105.5,106.8,443158
2023-08-22,106.8,107.55,104.65,104.9,454339
2023-08-23,104.5,106.1,104.05,105.5,476736
2023-08-24,106.45,108.05,106.45,107.05,329145
2023-08-25,105.6,109.15,105.15,106.4,342119
2023-08-28,107,110.1,106.2,109.5,238606
2023-08-29,109.7,110.4,108.35,108.85,241412
2023-08-30,109.1,110.2,108.4,109.7,255743
2023-08-31,110,110.65,107.3,107.9,935919
2023-09-01,107.1,109.2,106.3,109.1,218562
2023-09-04,108.55,109.2,106.5,106.9,297867
2023-09-05,106.5,107.4,104.75,105.15,365495
2023-09-06,105.2,105.85,94.7,100.1,1372642
2023-09-07,100,100.4,97.3,99.02,749521
2023-09-08,100.1,100.4,98.64,99.94,352567
2023-09-11,100.5,101.65,99.28,99.72,341309
2023-09-12,99.74,101,99.52,100.35,659709
2023-09-13,100,100.7,99.34,100.35,637610
2023-09-14,100.1,102.2,100.1,102.15,754104
2023-09-15,103.1,103.65,101,101.7,1159043
2023-09-18,101.05,101.75,98.58,98.8,358827
2023-09-19,98.8,101.7,98.46,101.3,441658
2023-09-20,101.3,104.2,101.3,103.85,421960
2023-09-21,101.95,102.5,100.15,101,334993
2023-09-22,101,101.5,99.16,99.16,395729
2023-09-25,99.22,100.15,97.44,97.54,629412
2023-09-26,97.7,100.4,96.64,99.66,400762
2023-09-27,99.6,99.72,97.72,97.82,404752
2023-09-28,97.8,98.56,96.92,98.06,455173
2023-09-29,98.12,101.75,97.96,100.95,623594
2023-10-02,101.45,101.45,98.82,98.94,381877
2023-10-03,99,99.5,96.9,98.2,411881
2023-10-04,97.26,102.35,96.6,101,1215614
2023-10-05,101.5,103.15,100.15,102.6,1033012
2023-10-06,102.5,107.3,102.4,105.85,1160492
2023-10-09,105,109.65,104,108.7,1149254
2023-10-10,110.2,112.2,109.55,110.95,1125371
2023-10-11,110.95,112.8,109.5,112.15,818844
2023-10-12,111.95,113.5,111.4,112.75,1968051
2023-10-13,112.2,113.2,109.65,111.8,614364
2023-10-16,116,127.5,115.95,126.65,3497011
2023-10-17,125.9,130.85,124.35,127.85,1829610
2023-10-18,126.3,127.5,122.95,123.85,1040033
2023-10-19,122.65,122.75,118.8,118.95,1027967
2023-10-20,118.15,118.7,116.05,116.5,1017144
2023-10-23,116.5,120.45,115.4,118.9,536962
2023-10-24,120.2,125.45,120,123.5,932021
2023-10-25,124,127.25,123.25,126.45,1000400
2023-10-26,124.2,128.5,122.2,127.6,1166497
2023-10-27,128.45,128.9,125.3,125.65,585027
2023-10-30,126,128.5,125.8,128,373727
2023-10-31,127,129.6,126.9,127.7,715114
2023-11-02,129.8,129.9,126.9,129,635609
2023-11-03,128.8,129.95,126.6,128.25,446579
2023-11-06,129.1,129.65,127.1,128.15,502624
2023-11-07,128,130.45,126.05,127.5,513045
2023-11-08,128.85,129.05,122,125.7,906615
2023-11-09,127,130.85,126.65,130.85,558166
2023-11-10,130,132.75,129.15,129.5,454774
2023-11-13,129.45,133.75,129.1,129.75,865113
2023-11-14,130.1,138.3,130.05,137.75,1001256
2023-11-15,138.45,140.95,135.7,135.95,623438
2023-11-16,135.6,139.45,135.6,137.1,934858
2023-11-17,137,139.55,135.7,138.75,495145
2023-11-20,139,143.95,137.65,139.4,726137
2023-11-21,139.2,141.2,137.95,138.95,499512
2023-11-22,138.35,139.75,137.6,139.3,617153
2023-11-23,139,140.8,137.2,138,201681
2023-11-24,137.6,139.15,137.15,137.7,333522
2023-11-27,137.65,139,135.1,136.45,319973
2023-11-28,136.2,139.6,136.1,138.85,436919
2023-11-29,138.5,140.95,137.15,140.15,820755
2023-11-30,140,141.5,139,140.55,981334
2023-12-01,140.55,148.7,140.4,147.8,868322
2023-12-04,147,149,146,146,517016
2023-12-05,145.8,149.7,145.3,146.85,590392
2023-12-06,146.85,149,145.65,146.45,619415
2023-12-07,146,147.65,143.65,147.3,474986
2023-12-08,147.3,148.3,145.95,147.6,252977
2023-12-11,148.2,149.4,145.7,146.8,633604
2023-12-12,147.5,148.2,144.1,146.05,1199085
2023-12-13,145.7,147.7,145,147.55,995015
2023-12-14,148.9,149.5,146.9,148.9,840049
2023-12-15,148.6,148.8,144.8,146.15,2100968
2023-12-18,146,151.3,145.8,150.05,662141
2023-12-19,149.5,152.45,148.7,150.85,576101
2023-12-20,151,152.5,148,149.5,612242
2023-12-21,148.8,152.5,148.65,151.35,514828
2023-12-22,150,151.8,149,151.4,193958
2023-12-27,151.2,153.7,150.95,153.25,414730
2023-12-28,153.8,154,152.15,152.8,237868
2023-12-29,153.3,153.6,151,152.05,214336
2024-01-02,152,152.9,147,149,451051
2024-01-03,147.95,150.4,146.8,150.25,370401
2024-01-04,150,150.55,146.2,149.8,516808
2024-01-05,147.55,148.25,143.9,147.5,671999
2024-01-08,146.75,150.55,145.25,150.55,439962
2024-01-09,153.1,153.1,148.25,151.1,640726
2024-01-10,150.4,150.6,146.9,147.5,543683
2024-01-11,148.75,149,143.1,144.9,849172
2024-01-12,144.55,148,144.1,147.85,462461
2024-01-15,147.6,147.75,143.4,144.85,338253
2024-01-16,144.05,144.7,141.7,144,362448
2024-01-17,142.7,144.15,140.8,143.15,536153
2024-01-18,142.8,146.7,142.8,146.25,415518
2024-01-19,146.3,147.15,143.9,143.9,811620
2024-01-22,147.2,148.25,146.1,148,536016
2024-01-23,148.1,148.1,145,145.85,423101
2024-01-24,147.35,147.85,145.55,147,338506
2024-01-25,146.95,148,145.2,146.45,411123
2024-01-26,145.65,148.8,144.95,148.1,284830
2024-01-29,147.45,148.6,146.1,146.4,158422
2024-01-30,146.7,149.7,146.7,149.2,528235
2024-01-31,149.15,154.7,149.15,154.5,916222
2024-02-01,153.6,156.95,151.6,154.55,632359
2024-02-02,155.15,160.5,155.15,160,698071
2024-02-05,160,161.8,158.3,158.5,697117
2024-02-06,159,161.65,157.85,158.5,602024
2024-02-07,158.85,159.8,156.7,159.75,589225
2024-02-08,160.5,161,156.45,158,553609
2024-02-09,157.5,159.9,157,158,499612
2024-02-12,158.95,160.2,155,158.75,396464
2024-02-13,158.4,159.45,156.5,158,345753
2024-02-14,157.75,163,156.6,163,311378
2024-02-15,164.2,164.5,160.2,160.95,403706
2024-02-16,160.55,165,160.55,163.25,375644
2024-02-19,163.45,164.45,162.35,163.35,182905
2024-02-20,163.5,168.65,163.5,167.6,939540
2024-02-21,168.55,170.2,167.55,167.95,744760
2024-02-22,174.4,175.3,169.6,170,847855
2024-02-23,171.75,174.85,168.55,173.85,1007888
2024-02-26,174.5,175.2,173.2,173.65,565033
2024-02-27,173.95,174.9,170.8,171.7,482384
2024-02-28,171.65,172.9,170.9,171.4,349429
2024-02-29,171.45,174.8,171.45,173,904085
2024-03-01,173.8,174.6,171.35,173,652803
2024-03-04,173.7,174.4,171.5,172.9,136770